generation,population_size,mean_diversity,max_diversity,min_fitness,mean_fitness,max_fitness,max_frequency,mean_distance
1,10000,0.1188118811881188,2.0,1.0,1.0,1.0,9440,0.0577
2,10000,0.25742574257425743,2.0,1.0,1.0,1.0,8899,0.1131
3,10000,0.27722772277227725,2.0,1.0,1.0,1.0,8287,0.197
4,10000,0.43524752475247525,4.0,1.0,1.0,1.0,7747,0.2829
5,10000,0.5934653465346534,4.0,1.0,1.0,1.0,7305,0.3755
6,10000,0.6534653465346535,6.0,1.0,1.0,1.0,6826,0.4817
7,10000,0.7916831683168317,4.0,1.0,1.0,1.0,6410,0.592
8,10000,0.8110891089108911,5.0,1.0,1.0,1.0,6135,0.6812
9,10000,1.028910891089109,7.0,1.0,1.0,1.0,5763,0.8073
10,10000,1.0467326732673268,6.0,1.0,1.0,1.0,5446,0.9233
11,10000,1.3245544554455446,6.0,1.0,1.0,1.0,5021,1.0732
12,10000,1.6413861386138613,7.0,1.0,1.0,1.0,4684,1.2079
13,10000,1.5803960396039605,7.0,1.0,1.0,1.0,4413,1.3444
14,10000,1.1875247524752475,6.0,1.0,1.0,1.0,4154,1.479
15,10000,1.4837623762376237,6.0,1.0,1.0,1.0,3917,1.6247
16,10000,1.9564356435643564,6.0,1.0,1.0,1.0,3744,1.7656
17,10000,1.9768316831683168,7.0,1.0,1.0,1.0,3529,1.9223
18,10000,2.4693069306930693,8.0,1.0,1.0,1.0,3327,2.0281
19,10000,2.566930693069307,11.0,1.0,1.0,1.0,3058,2.2044
20,10000,2.565148514851485,8.0,1.0,1.0,1.0,2862,2.3429
21,10000,2.8025742574257424,8.0,1.0,1.0,1.0,2699,2.5493
22,10000,3.1384158415841585,9.0,1.0,1.0,1.0,2487,2.7362
23,10000,2.8776237623762375,10.0,1.0,1.0,1.0,2211,2.9245
24,10000,2.586732673267327,10.0,1.0,1.0,1.0,2126,3.058
25,10000,3.082970297029703,11.0,1.0,1.0,1.0,1955,3.2156
26,10000,3.1605940594059407,9.0,1.0,1.0,1.0,1801,3.4114
27,10000,3.0801980198019803,9.0,1.0,1.0,1.0,1679,3.5818
28,10000,3.296039603960396,11.0,1.0,1.0,1.0,1599,3.7174
29,10000,3.100792079207921,10.0,1.0,1.0,1.0,1400,3.9525
30,10000,3.573069306930693,10.0,1.0,1.0,1.0,1365,4.052
31,10000,4.020594059405941,10.0,1.0,1.0,1.0,1246,4.2552
32,10000,4.477425742574257,13.0,1.0,1.0,1.0,1158,4.3868
33,10000,3.9633663366336633,11.0,1.0,1.0,1.0,1088,4.574
34,10000,4.419207920792079,12.0,1.0,1.0,1.0,981,4.7173
35,10000,4.416831683168317,13.0,1.0,1.0,1.0,929,4.9174
36,10000,4.381188118811881,12.0,1.0,1.0,1.0,824,5.0902
37,10000,4.285148514851485,15.0,1.0,1.0,1.0,780,5.2627
38,10000,4.117227722772277,13.0,1.0,1.0,1.0,721,5.4139
39,10000,4.393861386138614,10.0,1.0,1.0,1.0,715,5.5447
40,10000,4.891683168316832,15.0,1.0,1.0,1.0,673,5.7051
41,10000,5.033663366336634,14.0,1.0,1.0,1.0,634,5.8674
42,10000,5.282970297029703,15.0,1.0,1.0,1.0,600,6.024
43,10000,5.182970297029703,15.0,1.0,1.0,1.0,561,6.152
44,10000,5.297029702970297,14.0,1.0,1.0,1.0,528,6.3953
45,10000,5.834455445544554,14.0,1.0,1.0,1.0,468,6.5448
46,10000,5.8736633663366336,17.0,1.0,1.0,1.0,432,6.7368
47,10000,5.34930693069307,15.0,1.0,1.0,1.0,397,6.906
48,10000,5.96970297029703,17.0,1.0,1.0,1.0,420,7.0721
49,10000,5.924554455445545,14.0,1.0,1.0,1.0,383,7.2522
50,10000,6.473267326732674,17.0,1.0,1.0,1.0,345,7.4787
51,10000,6.00990099009901,14.0,1.0,1.0,1.0,316,7.6463
52,10000,6.181782178217822,15.0,1.0,1.0,1.0,281,7.8496
53,10000,6.057821782178218,15.0,1.0,1.0,1.0,246,7.9957
54,10000,6.6912871287128715,15.0,1.0,1.0,1.0,253,8.2353
55,10000,6.846534653465347,15.0,1.0,1.0,1.0,247,8.3738
56,10000,7.164158415841584,17.0,1.0,1.0,1.0,214,8.5739
57,10000,7.142970297029703,20.0,1.0,1.0,1.0,193,8.7174
58,10000,7.08059405940594,16.0,1.0,1.0,1.0,167,8.9495
59,10000,6.9990099009900995,14.0,1.0,1.0,1.0,156,9.043
60,10000,7.366336633663367,20.0,1.0,1.0,1.0,153,9.2327
61,10000,7.3376237623762375,16.0,1.0,1.0,1.0,135,9.3363
62,10000,7.488712871287129,17.0,1.0,1.0,1.0,130,9.4564
63,10000,7.863960396039604,16.0,1.0,1.0,1.0,140,9.5769
64,10000,8.226930693069306,16.0,1.0,1.0,1.0,138,9.744
65,10000,8.594455445544554,19.0,1.0,1.0,1.0,117,9.9587
66,10000,8.067722772277227,19.0,1.0,1.0,1.0,112,10.1486
67,10000,8.037623762376237,18.0,1.0,1.0,1.0,92,10.4104
68,10000,7.991683168316832,20.0,1.0,1.0,1.0,94,10.5568
69,10000,8.945346534653465,21.0,1.0,1.0,1.0,84,10.7585
70,10000,7.988712871287129,22.0,1.0,1.0,1.0,80,10.9048
71,10000,8.370693069306931,16.0,1.0,1.0,1.0,80,11.0314
72,10000,8.395445544554455,18.0,1.0,1.0,1.0,72,11.226
73,10000,8.471089108910892,20.0,1.0,1.0,1.0,66,11.4449
74,10000,9.29009900990099,19.0,1.0,1.0,1.0,65,11.576
75,10000,9.201188118811881,17.0,1.0,1.0,1.0,59,11.7385
76,10000,9.384554455445544,18.0,1.0,1.0,1.0,64,11.9045
77,10000,9.49980198019802,22.0,1.0,1.0,1.0,64,12.1015
78,10000,9.554653465346535,18.0,1.0,1.0,1.0,80,12.3387
79,10000,9.623564356435644,19.0,1.0,1.0,1.0,70,12.5096
80,10000,10.227326732673268,22.0,1.0,1.0,1.0,74,12.6524
81,10000,10.432475247524753,23.0,1.0,1.0,1.0,72,12.8717
82,10000,9.937623762376237,21.0,1.0,1.0,1.0,63,13.0782
83,10000,9.892673267326733,20.0,1.0,1.0,1.0,61,13.2553
84,10000,9.93009900990099,21.0,1.0,1.0,1.0,50,13.477
85,10000,11.162178217821783,23.0,1.0,1.0,1.0,39,13.7291
86,10000,10.415841584158416,19.0,1.0,1.0,1.0,41,13.8485
87,10000,10.212871287128714,21.0,1.0,1.0,1.0,40,13.8569
88,10000,10.985346534653466,24.0,1.0,1.0,1.0,40,13.9718
89,10000,10.593465346534654,23.0,1.0,1.0,1.0,40,14.1445
90,10000,11.658415841584159,25.0,1.0,1.0,1.0,39,14.2932
91,10000,10.125346534653465,20.0,1.0,1.0,1.0,34,14.37
92,10000,11.573861386138613,25.0,1.0,1.0,1.0,33,14.4795
93,10000,12.151089108910892,26.0,1.0,1.0,1.0,37,14.6079
94,10000,11.06138613861386,24.0,1.0,1.0,1.0,45,14.7823
95,10000,11.880792079207922,26.0,1.0,1.0,1.0,40,14.8991
96,10000,12.02079207920792,24.0,1.0,1.0,1.0,52,15.0447
97,10000,11.02,22.0,1.0,1.0,1.0,46,15.2929
98,10000,12.008118811881188,25.0,1.0,1.0,1.0,46,15.4696
99,10000,11.386930693069306,24.0,1.0,1.0,1.0,42,15.6791
100,10000,12.274851485148515,22.0,1.0,1.0,1.0,34,15.9697
101,10000,11.422178217821783,24.0,1.0,1.0,1.0,39,16.1612
102,10000,12.548118811881189,25.0,1.0,1.0,1.0,44,16.2281
103,10000,12.383960396039605,23.0,1.0,1.0,1.0,43,16.3732
104,10000,13.202772277227723,25.0,1.0,1.0,1.0,42,16.4226
105,10000,13.293663366336634,26.0,1.0,1.0,1.0,40,16.485
106,10000,13.954455445544555,25.0,1.0,1.0,1.0,41,16.6961
107,10000,13.182772277227723,29.0,1.0,1.0,1.0,40,16.8963
108,10000,12.927524752475248,23.0,1.0,1.0,1.0,33,17.0931
109,10000,13.825940594059405,27.0,1.0,1.0,1.0,33,17.2907
110,10000,14.97940594059406,29.0,1.0,1.0,1.0,34,17.3751
111,10000,14.268118811881187,26.0,1.0,1.0,1.0,35,17.5706
112,10000,14.071485148514851,27.0,1.0,1.0,1.0,38,17.728
113,10000,14.014653465346534,28.0,1.0,1.0,1.0,39,17.8596
114,10000,13.632079207920793,28.0,1.0,1.0,1.0,38,18.0278
115,10000,14.336831683168317,29.0,1.0,1.0,1.0,41,18.107
116,10000,14.405346534653466,28.0,1.0,1.0,1.0,40,18.2342
117,10000,15.206534653465347,29.0,1.0,1.0,1.0,35,18.4749
118,10000,15.127524752475248,30.0,1.0,1.0,1.0,43,18.7523
119,10000,15.204554455445544,28.0,1.0,1.0,1.0,47,18.9457
120,10000,16.07049504950495,30.0,1.0,1.0,1.0,50,19.041
121,10000,14.747920792079208,28.0,1.0,1.0,1.0,48,19.1539
122,10000,16.091881188118812,27.0,1.0,1.0,1.0,51,19.2842
123,10000,15.925148514851486,29.0,1.0,1.0,1.0,58,19.4805
124,10000,15.895643564356435,30.0,1.0,1.0,1.0,41,19.6497
125,10000,16.53920792079208,31.0,1.0,1.0,1.0,49,19.806
126,10000,16.335049504950494,31.0,1.0,1.0,1.0,49,20.0329
127,10000,14.886336633663367,29.0,1.0,1.0,1.0,49,20.2608
128,10000,16.052871287128713,32.0,1.0,1.0,1.0,37,20.4722
129,10000,15.71009900990099,32.0,1.0,1.0,1.0,35,20.5757
130,10000,17.07861386138614,31.0,1.0,1.0,1.0,36,20.7725
131,10000,17.102376237623762,31.0,1.0,1.0,1.0,42,20.9888
132,10000,16.364554455445546,30.0,1.0,1.0,1.0,46,21.0838
133,10000,17.223168316831682,32.0,1.0,1.0,1.0,46,21.1899
134,10000,16.374653465346533,33.0,1.0,1.0,1.0,44,21.2619
135,10000,17.05722772277228,30.0,1.0,1.0,1.0,41,21.4055
136,10000,16.704356435643565,30.0,1.0,1.0,1.0,37,21.6174
137,10000,17.314257425742575,31.0,1.0,1.0,1.0,40,21.9025
138,10000,16.408514851485148,29.0,1.0,1.0,1.0,35,22.0901
139,10000,17.06158415841584,29.0,1.0,1.0,1.0,36,22.3068
140,10000,17.95980198019802,32.0,1.0,1.0,1.0,40,22.3574
141,10000,17.60079207920792,30.0,1.0,1.0,1.0,43,22.5753
142,10000,17.548910891089108,34.0,1.0,1.0,1.0,41,22.8408
143,10000,18.45742574257426,29.0,1.0,1.0,1.0,46,23.0212
144,10000,18.195643564356434,37.0,1.0,1.0,1.0,51,23.0603
145,10000,17.79128712871287,30.0,1.0,1.0,1.0,43,23.118
146,10000,18.39940594059406,31.0,1.0,1.0,1.0,44,23.302
147,10000,18.865346534653465,32.0,1.0,1.0,1.0,50,23.4482
148,10000,19.544950495049505,34.0,1.0,1.0,1.0,52,23.6707
149,10000,20.08831683168317,39.0,1.0,1.0,1.0,55,23.7705
150,10000,19.63841584158416,36.0,1.0,1.0,1.0,64,23.9402
151,10000,20.05960396039604,33.0,1.0,1.0,1.0,54,23.9873
152,10000,18.554257425742573,30.0,1.0,1.0,1.0,44,24.1662
153,10000,19.17188118811881,40.0,1.0,1.0,1.0,47,24.3803
154,10000,19.39049504950495,34.0,1.0,1.0,1.0,58,24.5694
155,10000,19.85980198019802,39.0,1.0,1.0,1.0,46,24.5798
156,10000,19.745940594059405,34.0,1.0,1.0,1.0,43,24.7965
157,10000,18.98811881188119,34.0,1.0,1.0,1.0,39,24.9214
158,10000,18.907128712871287,35.0,1.0,1.0,1.0,36,25.1081
159,10000,19.677029702970298,34.0,1.0,1.0,1.0,42,25.2871
160,10000,19.787524752475246,32.0,1.0,1.0,1.0,35,25.4683
161,10000,19.54930693069307,42.0,1.0,1.0,1.0,45,25.5809
162,10000,21.34990099009901,39.0,1.0,1.0,1.0,47,25.783
163,10000,21.107128712871287,42.0,1.0,1.0,1.0,45,26.0647
164,10000,21.003564356435643,37.0,1.0,1.0,1.0,41,26.2059
165,10000,20.414059405940595,36.0,1.0,1.0,1.0,44,26.4778
166,10000,20.32891089108911,34.0,1.0,1.0,1.0,53,26.6098
167,10000,21.84712871287129,37.0,1.0,1.0,1.0,54,26.9017
168,10000,22.914653465346536,43.0,1.0,1.0,1.0,55,27.0903
169,10000,21.57920792079208,37.0,1.0,1.0,1.0,48,27.3966
170,10000,21.57207920792079,36.0,1.0,1.0,1.0,45,27.5922
171,10000,21.918613861386138,34.0,1.0,1.0,1.0,55,27.7118
172,10000,21.604752475247526,37.0,1.0,1.0,1.0,52,27.9335
173,10000,22.287524752475246,35.0,1.0,1.0,1.0,48,28.0947
174,10000,22.33762376237624,37.0,1.0,1.0,1.0,58,28.2999
175,10000,21.84871287128713,37.0,1.0,1.0,1.0,45,28.3666
176,10000,22.66910891089109,37.0,1.0,1.0,1.0,55,28.5786
177,10000,22.381980198019804,37.0,1.0,1.0,1.0,50,28.7334
178,10000,24.20059405940594,45.0,1.0,1.0,1.0,45,28.8657
179,10000,22.764356435643563,43.0,1.0,1.0,1.0,44,29.0762
180,10000,21.164554455445543,34.0,1.0,1.0,1.0,46,29.2375
181,10000,21.9770297029703,44.0,1.0,1.0,1.0,53,29.4103
182,10000,22.24990099009901,36.0,1.0,1.0,1.0,55,29.4382
183,10000,24.138613861386137,46.0,1.0,1.0,1.0,47,29.5098
184,10000,22.216237623762375,49.0,1.0,1.0,1.0,38,29.7486
185,10000,23.43227722772277,48.0,1.0,1.0,1.0,45,29.8355
186,10000,23.65841584158416,47.0,1.0,1.0,1.0,47,30.0379
187,10000,23.206732673267325,41.0,1.0,1.0,1.0,42,30.219
188,10000,23.903564356435645,40.0,1.0,1.0,1.0,39,30.2777
189,10000,23.56970297029703,42.0,1.0,1.0,1.0,40,30.4876
190,10000,23.77069306930693,37.0,1.0,1.0,1.0,41,30.6829
191,10000,23.951485148514852,48.0,1.0,1.0,1.0,39,30.8738
192,10000,24.314455445544553,42.0,1.0,1.0,1.0,35,31.1186
193,10000,24.424158415841585,41.0,1.0,1.0,1.0,34,31.1697
194,10000,25.14851485148515,45.0,1.0,1.0,1.0,39,31.4086
195,10000,24.944158415841585,40.0,1.0,1.0,1.0,46,31.7752
196,10000,23.365544554455447,44.0,1.0,1.0,1.0,43,32.226
197,10000,25.519801980198018,46.0,1.0,1.0,1.0,35,32.3846
198,10000,23.88871287128713,36.0,1.0,1.0,1.0,37,32.4817
199,10000,24.96079207920792,44.0,1.0,1.0,1.0,38,32.5768
200,10000,24.985346534653466,45.0,1.0,1.0,1.0,40,32.6735
201,10000,24.80891089108911,44.0,1.0,1.0,1.0,44,32.7818
202,10000,25.163762376237624,43.0,1.0,1.0,1.0,37,32.799
203,10000,24.83108910891089,50.0,1.0,1.0,1.0,48,32.998
204,10000,25.66970297029703,41.0,1.0,1.0,1.0,59,33.322
205,10000,26.774653465346535,53.0,1.0,1.0,1.0,59,33.5026
206,10000,25.14059405940594,47.0,1.0,1.0,1.0,54,33.683
207,10000,27.172079207920792,44.0,1.0,1.0,1.0,61,33.8627
208,10000,25.715643564356437,45.0,1.0,1.0,1.0,63,33.8284
209,10000,27.335049504950494,41.0,1.0,1.0,1.0,64,33.9477
210,10000,26.011287128712873,47.0,1.0,1.0,1.0,61,34.162
211,10000,26.586534653465346,45.0,1.0,1.0,1.0,59,34.1669
212,10000,26.393663366336632,47.0,1.0,1.0,1.0,69,34.4276
213,10000,27.52118811881188,51.0,1.0,1.0,1.0,61,34.5594
214,10000,26.016237623762375,41.0,1.0,1.0,1.0,66,34.7108
215,10000,28.090495049504952,49.0,1.0,1.0,1.0,77,34.8984
216,10000,26.76019801980198,48.0,1.0,1.0,1.0,70,34.9714
217,10000,26.82237623762376,46.0,1.0,1.0,1.0,76,35.13
218,10000,27.552475247524754,45.0,1.0,1.0,1.0,72,35.5237
219,10000,27.497227722772276,50.0,1.0,1.0,1.0,72,35.6529
220,10000,27.96178217821782,49.0,1.0,1.0,1.0,90,35.7265
221,10000,28.865544554455447,51.0,1.0,1.0,1.0,90,35.8362
222,10000,27.727524752475247,44.0,1.0,1.0,1.0,76,35.9452
223,10000,28.890891089108912,48.0,1.0,1.0,1.0,72,36.1918
224,10000,28.68138613861386,51.0,1.0,1.0,1.0,66,36.4782
225,10000,27.77881188118812,45.0,1.0,1.0,1.0,70,36.5703
226,10000,26.34158415841584,43.0,1.0,1.0,1.0,80,36.6675
227,10000,28.677227722772276,48.0,1.0,1.0,1.0,68,36.9457
228,10000,27.952871287128712,46.0,1.0,1.0,1.0,73,37.1633
229,10000,28.468712871287128,46.0,1.0,1.0,1.0,62,37.3344
230,10000,27.364554455445546,46.0,1.0,1.0,1.0,51,37.5992
231,10000,27.814653465346534,42.0,1.0,1.0,1.0,52,37.7545
232,10000,28.82990099009901,44.0,1.0,1.0,1.0,52,37.9281
233,10000,29.011287128712873,49.0,1.0,1.0,1.0,55,38.1725
234,10000,27.974059405940594,44.0,1.0,1.0,1.0,60,38.4301
235,10000,28.687920792079208,44.0,1.0,1.0,1.0,61,38.5172
236,10000,29.705148514851484,53.0,1.0,1.0,1.0,65,38.7353
237,10000,29.225940594059406,52.0,1.0,1.0,1.0,75,38.8779
238,10000,29.182772277227723,49.0,1.0,1.0,1.0,79,38.8737
239,10000,29.287128712871286,51.0,1.0,1.0,1.0,71,39.1972
240,10000,28.9980198019802,51.0,1.0,1.0,1.0,69,39.2965
241,10000,29.50059405940594,53.0,1.0,1.0,1.0,67,39.5189
242,10000,30.614851485148513,51.0,1.0,1.0,1.0,56,39.7272
243,10000,30.534653465346533,53.0,1.0,1.0,1.0,44,39.7382
244,10000,29.432475247524753,50.0,1.0,1.0,1.0,45,39.9493
245,10000,29.93940594059406,46.0,1.0,1.0,1.0,44,40.0173
246,10000,30.007326732673267,48.0,1.0,1.0,1.0,46,40.3928
247,10000,30.896831683168315,51.0,1.0,1.0,1.0,47,40.5826
248,10000,30.960594059405942,48.0,1.0,1.0,1.0,43,40.7111
249,10000,31.514059405940593,53.0,1.0,1.0,1.0,46,40.7779
250,10000,31.641188118811883,54.0,1.0,1.0,1.0,47,41.0912
251,10000,30.08217821782178,49.0,1.0,1.0,1.0,44,41.3301
252,10000,31.822178217821783,52.0,1.0,1.0,1.0,46,41.4457
253,10000,32.65069306930693,56.0,1.0,1.0,1.0,53,41.65
254,10000,31.549900990099008,54.0,1.0,1.0,1.0,59,41.8113
255,10000,32.51009900990099,53.0,1.0,1.0,1.0,59,42.0411
256,10000,30.60277227722772,54.0,1.0,1.0,1.0,53,42.3209
257,10000,31.287722772277228,52.0,1.0,1.0,1.0,60,42.4134
258,10000,32.02079207920792,52.0,1.0,1.0,1.0,52,42.609
259,10000,31.756633663366337,53.0,1.0,1.0,1.0,52,42.7014
260,10000,30.945940594059405,48.0,1.0,1.0,1.0,51,42.843
261,10000,32.07386138613862,49.0,1.0,1.0,1.0,43,42.9411
262,10000,32.52376237623762,53.0,1.0,1.0,1.0,42,43.1544
263,10000,32.58534653465347,50.0,1.0,1.0,1.0,43,43.2081
264,10000,31.271485148514852,51.0,1.0,1.0,1.0,38,43.4778
265,10000,32.78495049504951,50.0,1.0,1.0,1.0,38,43.7371
266,10000,32.14217821782178,53.0,1.0,1.0,1.0,41,43.8272
267,10000,32.19188118811881,51.0,1.0,1.0,1.0,37,44.064
268,10000,32.99683168316832,58.0,1.0,1.0,1.0,38,44.2045
269,10000,32.96811881188119,51.0,1.0,1.0,1.0,46,44.5209
270,10000,34.44158415841584,52.0,1.0,1.0,1.0,47,44.6869
271,10000,33.9770297029703,51.0,1.0,1.0,1.0,55,44.8441
272,10000,31.5609900990099,58.0,1.0,1.0,1.0,56,45.1154
273,10000,33.81782178217822,51.0,1.0,1.0,1.0,61,45.1905
274,10000,34.67782178217822,48.0,1.0,1.0,1.0,47,45.359
275,10000,32.60910891089109,55.0,1.0,1.0,1.0,35,45.4872
276,10000,34.98871287128713,54.0,1.0,1.0,1.0,38,45.565
277,10000,35.27544554455446,58.0,1.0,1.0,1.0,39,45.7381
278,10000,35.83108910891089,53.0,1.0,1.0,1.0,49,45.9196
279,10000,35.444752475247526,57.0,1.0,1.0,1.0,47,46.1373
280,10000,34.109306930693066,54.0,1.0,1.0,1.0,46,46.2688
281,10000,35.466534653465345,54.0,1.0,1.0,1.0,44,46.3852
282,10000,35.39782178217822,59.0,1.0,1.0,1.0,41,46.5191
283,10000,33.093069306930694,55.0,1.0,1.0,1.0,47,46.7259
284,10000,34.82534653465346,55.0,1.0,1.0,1.0,43,47.0157
285,10000,34.47841584158416,60.0,1.0,1.0,1.0,44,47.2771
286,10000,36.128316831683165,57.0,1.0,1.0,1.0,55,47.5332
287,10000,35.92633663366337,58.0,1.0,1.0,1.0,64,47.6274
288,10000,37.40891089108911,58.0,1.0,1.0,1.0,71,47.7713
289,10000,35.26376237623762,57.0,1.0,1.0,1.0,67,47.9487
290,10000,37.56138613861386,55.0,1.0,1.0,1.0,60,48.0965
291,10000,37.34277227722772,60.0,1.0,1.0,1.0,61,48.177
292,10000,35.43980198019802,53.0,1.0,1.0,1.0,56,48.2493
293,10000,37.63445544554455,59.0,1.0,1.0,1.0,53,48.4888
294,10000,36.71188118811881,61.0,1.0,1.0,1.0,55,48.7742
295,10000,39.364950495049506,63.0,1.0,1.0,1.0,51,48.9588
296,10000,37.52039603960396,61.0,1.0,1.0,1.0,55,49.1263
297,10000,36.13722772277228,59.0,1.0,1.0,1.0,43,49.254
298,10000,38.3639603960396,63.0,1.0,1.0,1.0,46,49.3861
299,10000,36.960396039603964,58.0,1.0,1.0,1.0,48,49.5572
300,10000,37.90673267326733,59.0,1.0,1.0,1.0,47,49.8516
301,10000,37.40732673267327,62.0,1.0,1.0,1.0,37,49.7833
302,10000,38.09207920792079,63.0,1.0,1.0,1.0,33,50.0629
303,10000,37.314257425742575,61.0,1.0,1.0,1.0,38,50.3577
304,10000,38.51544554455445,65.0,1.0,1.0,1.0,37,50.6877
305,10000,38.20772277227723,58.0,1.0,1.0,1.0,38,50.6975
306,10000,37.733069306930695,61.0,1.0,1.0,1.0,38,51.0136
307,10000,38.75425742574257,59.0,1.0,1.0,1.0,42,51.1755
308,10000,38.41346534653465,61.0,1.0,1.0,1.0,42,51.3562
309,10000,37.265544554455445,59.0,1.0,1.0,1.0,45,51.4861
310,10000,38.000990099009904,62.0,1.0,1.0,1.0,52,51.651
311,10000,38.866534653465344,66.0,1.0,1.0,1.0,53,51.8235
312,10000,37.7570297029703,65.0,1.0,1.0,1.0,52,51.8633
313,10000,38.0839603960396,61.0,1.0,1.0,1.0,61,52.0786
314,10000,39.16930693069307,62.0,1.0,1.0,1.0,51,52.4549
315,10000,37.632277227722774,64.0,1.0,1.0,1.0,46,52.7267
316,10000,39.27861386138614,60.0,1.0,1.0,1.0,38,52.9921
317,10000,38.21980198019802,61.0,1.0,1.0,1.0,39,53.1658
318,10000,38.74811881188119,64.0,1.0,1.0,1.0,46,53.3365
319,10000,38.8590099009901,62.0,1.0,1.0,1.0,42,53.4576
320,10000,37.44237623762376,60.0,1.0,1.0,1.0,43,53.6745
321,10000,40.218217821782176,67.0,1.0,1.0,1.0,43,53.7937
322,10000,39.703366336633664,63.0,1.0,1.0,1.0,43,53.9861
323,10000,39.99029702970297,62.0,1.0,1.0,1.0,51,54.0749
324,10000,40.69148514851485,62.0,1.0,1.0,1.0,51,54.1398
325,10000,40.05564356435644,65.0,1.0,1.0,1.0,55,54.3397
326,10000,41.37227722772277,65.0,1.0,1.0,1.0,55,54.447
327,10000,39.477425742574255,58.0,1.0,1.0,1.0,52,54.5024
328,10000,41.46891089108911,67.0,1.0,1.0,1.0,48,54.6211
329,10000,40.577623762376234,61.0,1.0,1.0,1.0,45,54.8117
330,10000,39.37405940594059,59.0,1.0,1.0,1.0,39,54.8249
331,10000,39.862376237623764,66.0,1.0,1.0,1.0,39,54.83
332,10000,41.151881188118814,66.0,1.0,1.0,1.0,44,55.0175
333,10000,40.433267326732675,61.0,1.0,1.0,1.0,43,55.3007
334,10000,40.105148514851486,64.0,1.0,1.0,1.0,56,55.4026
335,10000,40.6,62.0,1.0,1.0,1.0,43,55.5344
336,10000,42.02356435643564,65.0,1.0,1.0,1.0,44,55.8813
337,10000,40.954257425742576,65.0,1.0,1.0,1.0,40,56.0533
338,10000,41.49960396039604,62.0,1.0,1.0,1.0,40,56.0463
339,10000,42.01346534653465,62.0,1.0,1.0,1.0,42,56.2895
340,10000,41.2570297029703,64.0,1.0,1.0,1.0,41,56.5388
341,10000,41.24277227722772,61.0,1.0,1.0,1.0,52,56.4932
342,10000,40.707524752475244,66.0,1.0,1.0,1.0,52,56.6602
343,10000,40.915841584158414,65.0,1.0,1.0,1.0,46,56.6496
344,10000,41.446930693069305,59.0,1.0,1.0,1.0,55,56.8877
345,10000,41.35742574257426,64.0,1.0,1.0,1.0,57,56.9967
346,10000,42.838019801980195,63.0,1.0,1.0,1.0,48,57.0865
347,10000,43.29445544554456,65.0,1.0,1.0,1.0,52,57.2375
348,10000,43.424554455445545,64.0,1.0,1.0,1.0,49,57.2791
349,10000,42.33227722772277,60.0,1.0,1.0,1.0,50,57.4125
350,10000,41.79445544554456,66.0,1.0,1.0,1.0,59,57.523
351,10000,42.35049504950495,65.0,1.0,1.0,1.0,56,57.7068
352,10000,40.6780198019802,63.0,1.0,1.0,1.0,66,57.9091
353,10000,42.27920792079208,66.0,1.0,1.0,1.0,52,58.4044
354,10000,43.72019801980198,69.0,1.0,1.0,1.0,57,58.5354
355,10000,42.724950495049505,68.0,1.0,1.0,1.0,53,58.7392
356,10000,41.18336633663366,66.0,1.0,1.0,1.0,49,59.057
357,10000,42.48910891089109,64.0,1.0,1.0,1.0,51,59.3831
358,10000,42.80792079207921,66.0,1.0,1.0,1.0,45,59.4753
359,10000,42.55465346534653,67.0,1.0,1.0,1.0,51,59.6628
360,10000,44.28118811881188,66.0,1.0,1.0,1.0,50,59.6804
361,10000,43.3619801980198,68.0,1.0,1.0,1.0,48,59.8914
362,10000,44.784554455445544,66.0,1.0,1.0,1.0,46,60.0771
363,10000,45.407128712871284,64.0,1.0,1.0,1.0,44,60.2895
364,10000,46.11643564356436,65.0,1.0,1.0,1.0,40,60.3763
365,10000,43.911683168316834,67.0,1.0,1.0,1.0,45,60.6407
366,10000,43.73623762376238,61.0,1.0,1.0,1.0,50,60.858
367,10000,45.0419801980198,68.0,1.0,1.0,1.0,39,60.9229
368,10000,45.49960396039604,66.0,1.0,1.0,1.0,39,61.1011
369,10000,44.352079207920795,69.0,1.0,1.0,1.0,43,61.1123
370,10000,44.67168316831683,66.0,1.0,1.0,1.0,45,61.1675
371,10000,45.93207920792079,68.0,1.0,1.0,1.0,41,61.4047
372,10000,44.42,65.0,1.0,1.0,1.0,40,61.6714
373,10000,44.95029702970297,66.0,1.0,1.0,1.0,37,61.8382
374,10000,45.816435643564354,69.0,1.0,1.0,1.0,38,62.0321
375,10000,45.51287128712871,68.0,1.0,1.0,1.0,40,62.1688
376,10000,44.30574257425742,66.0,1.0,1.0,1.0,36,62.2154
377,10000,46.00118811881188,66.0,1.0,1.0,1.0,48,62.5943
378,10000,44.70633663366337,69.0,1.0,1.0,1.0,47,62.8642
379,10000,46.17920792079208,65.0,1.0,1.0,1.0,41,63.057
380,10000,46.558613861386135,68.0,1.0,1.0,1.0,42,62.9981
381,10000,47.03663366336634,68.0,1.0,1.0,1.0,38,63.123
382,10000,47.47346534653465,70.0,1.0,1.0,1.0,39,63.3177
383,10000,46.47841584158416,71.0,1.0,1.0,1.0,40,63.5234
384,10000,47.9619801980198,70.0,1.0,1.0,1.0,56,63.6705
385,10000,48.19188118811881,70.0,1.0,1.0,1.0,46,63.8662
386,10000,45.89128712871287,69.0,1.0,1.0,1.0,47,64.1039
387,10000,46.63544554455446,67.0,1.0,1.0,1.0,39,64.4157
388,10000,47.63306930693069,72.0,1.0,1.0,1.0,37,64.4652
389,10000,46.9209900990099,68.0,1.0,1.0,1.0,41,64.6644
390,10000,47.105346534653464,70.0,1.0,1.0,1.0,46,64.9162
391,10000,48.30930693069307,70.0,1.0,1.0,1.0,49,65.1727
392,10000,47.758811881188116,72.0,1.0,1.0,1.0,45,65.1444
393,10000,47.49821782178218,66.0,1.0,1.0,1.0,39,65.4437
394,10000,47.76316831683168,67.0,1.0,1.0,1.0,43,65.6059
395,10000,48.29861386138614,67.0,1.0,1.0,1.0,50,65.5318
396,10000,47.09485148514852,66.0,1.0,1.0,1.0,41,65.7882
397,10000,48.03980198019802,67.0,1.0,1.0,1.0,41,66.0103
398,10000,48.84851485148515,74.0,1.0,1.0,1.0,38,66.0401
399,10000,47.89920792079208,65.0,1.0,1.0,1.0,46,66.1969
400,10000,47.689108910891086,71.0,1.0,1.0,1.0,51,66.5865
401,10000,45.904356435643564,66.0,1.0,1.0,1.0,59,66.8907
402,10000,47.224158415841586,72.0,1.0,1.0,1.0,60,67.053
403,10000,48.61425742574257,68.0,1.0,1.0,1.0,51,67.2132
404,10000,48.51762376237624,70.0,1.0,1.0,1.0,56,67.4563
405,10000,47.56079207920792,73.0,1.0,1.0,1.0,57,67.6789
406,10000,48.69544554455445,69.0,1.0,1.0,1.0,56,67.9822
407,10000,48.875049504950496,67.0,1.0,1.0,1.0,60,68.0318
408,10000,47.46079207920792,69.0,1.0,1.0,1.0,57,68.0767
409,10000,47.444752475247526,66.0,1.0,1.0,1.0,51,68.193
410,10000,49.69623762376238,73.0,1.0,1.0,1.0,50,68.4751
411,10000,49.45683168316832,72.0,1.0,1.0,1.0,49,68.5623
412,10000,50.547128712871285,71.0,1.0,1.0,1.0,59,68.8705
413,10000,47.91029702970297,70.0,1.0,1.0,1.0,60,69.0502
414,10000,47.68178217821782,69.0,1.0,1.0,1.0,53,69.146
415,10000,48.92356435643564,66.0,1.0,1.0,1.0,62,69.3034
416,10000,49.565940594059406,74.0,1.0,1.0,1.0,52,69.59
417,10000,49.93425742574257,71.0,1.0,1.0,1.0,45,69.798
418,10000,50.39188118811881,70.0,1.0,1.0,1.0,46,69.776
419,10000,50.005742574257425,71.0,1.0,1.0,1.0,44,69.9465
420,10000,50.78534653465346,72.0,1.0,1.0,1.0,47,69.9209
421,10000,50.14,76.0,1.0,1.0,1.0,57,70.021
422,10000,51.573465346534654,75.0,1.0,1.0,1.0,68,70.2256
423,10000,50.82336633663366,68.0,1.0,1.0,1.0,71,70.4052
424,10000,50.56217821782178,71.0,1.0,1.0,1.0,97,70.467
425,10000,50.85227722772277,75.0,1.0,1.0,1.0,89,70.6054
426,10000,50.173465346534655,73.0,1.0,1.0,1.0,90,71.0754
427,10000,50.96217821782178,72.0,1.0,1.0,1.0,95,71.2153
428,10000,51.393465346534654,71.0,1.0,1.0,1.0,106,71.5766
429,10000,50.54613861386139,72.0,1.0,1.0,1.0,113,71.7012
430,10000,51.55207920792079,72.0,1.0,1.0,1.0,105,72.022
431,10000,51.08891089108911,73.0,1.0,1.0,1.0,96,72.2111
432,10000,50.444158415841585,72.0,1.0,1.0,1.0,91,72.5567
433,10000,52.37960396039604,75.0,1.0,1.0,1.0,74,72.6721
434,10000,53.243168316831685,74.0,1.0,1.0,1.0,73,72.7398
435,10000,52.95881188118812,74.0,1.0,1.0,1.0,79,73.0014
436,10000,53.99445544554455,75.0,1.0,1.0,1.0,76,73.2397
437,10000,50.21722772277228,74.0,1.0,1.0,1.0,69,73.3674
438,10000,51.587128712871284,74.0,1.0,1.0,1.0,67,73.3302
439,10000,52.381980198019804,73.0,1.0,1.0,1.0,68,73.4361
440,10000,50.63683168316832,75.0,1.0,1.0,1.0,57,73.4886
441,10000,52.86990099009901,72.0,1.0,1.0,1.0,49,73.5157
442,10000,52.142970297029706,77.0,1.0,1.0,1.0,45,73.9063
443,10000,51.73287128712871,75.0,1.0,1.0,1.0,43,74.005
444,10000,51.46356435643565,79.0,1.0,1.0,1.0,40,74.1258
445,10000,53.10079207920792,73.0,1.0,1.0,1.0,51,74.223
446,10000,52.75425742574257,75.0,1.0,1.0,1.0,45,74.4953
447,10000,55.297425742574255,77.0,1.0,1.0,1.0,49,74.6965
448,10000,54.97445544554456,79.0,1.0,1.0,1.0,44,74.5506
449,10000,52.674851485148515,75.0,1.0,1.0,1.0,38,74.6986
450,10000,52.664158415841584,77.0,1.0,1.0,1.0,45,74.8155
451,10000,52.22316831683168,78.0,1.0,1.0,1.0,40,75.0116
452,10000,54.032079207920795,74.0,1.0,1.0,1.0,44,75.258
453,10000,53.70693069306931,77.0,1.0,1.0,1.0,43,75.6512
454,10000,53.506534653465344,73.0,1.0,1.0,1.0,50,75.8682
455,10000,53.77861386138614,76.0,1.0,1.0,1.0,58,76.0083
456,10000,53.704752475247524,76.0,1.0,1.0,1.0,59,76.2537
457,10000,53.45524752475247,73.0,1.0,1.0,1.0,51,76.4642
458,10000,53.965940594059404,74.0,1.0,1.0,1.0,49,76.753
459,10000,53.39425742574257,75.0,1.0,1.0,1.0,38,76.9517
460,10000,54.99742574257426,78.0,1.0,1.0,1.0,37,77.1005
461,10000,53.62316831683168,74.0,1.0,1.0,1.0,39,77.0159
462,10000,54.88514851485149,75.0,1.0,1.0,1.0,43,77.128
463,10000,55.137623762376236,78.0,1.0,1.0,1.0,48,77.2809
464,10000,53.9770297029703,78.0,1.0,1.0,1.0,49,77.2921
465,10000,55.99683168316832,74.0,1.0,1.0,1.0,45,77.5351
466,10000,54.644554455445544,76.0,1.0,1.0,1.0,41,77.6228
467,10000,54.95267326732673,76.0,1.0,1.0,1.0,46,77.9707
468,10000,55.836039603960394,80.0,1.0,1.0,1.0,39,77.9215
469,10000,54.66930693069307,73.0,1.0,1.0,1.0,39,78.1837
470,10000,55.58594059405941,79.0,1.0,1.0,1.0,41,78.4319
471,10000,55.90811881188119,76.0,1.0,1.0,1.0,34,78.6222
472,10000,56.95465346534653,78.0,1.0,1.0,1.0,35,78.5766
473,10000,54.156633663366335,76.0,1.0,1.0,1.0,38,78.7213
474,10000,55.01287128712871,77.0,1.0,1.0,1.0,34,78.8157
475,10000,55.86891089108911,76.0,1.0,1.0,1.0,38,78.8722
476,10000,55.6419801980198,80.0,1.0,1.0,1.0,38,79.062
477,10000,55.584950495049505,79.0,1.0,1.0,1.0,36,79.1135
478,10000,54.15207920792079,74.0,1.0,1.0,1.0,38,79.2375
479,10000,57.298019801980196,79.0,1.0,1.0,1.0,38,79.4713
480,10000,56.35445544554455,75.0,1.0,1.0,1.0,40,79.7128
481,10000,56.336039603960394,78.0,1.0,1.0,1.0,43,79.9951
482,10000,58.00178217821782,79.0,1.0,1.0,1.0,44,80.1731
483,10000,57.08455445544554,79.0,1.0,1.0,1.0,53,80.5026
484,10000,56.801980198019805,77.0,1.0,1.0,1.0,61,80.7084
485,10000,57.11049504950495,80.0,1.0,1.0,1.0,60,80.7382
486,10000,56.10059405940594,79.0,1.0,1.0,1.0,78,80.805
487,10000,55.23821782178218,80.0,1.0,1.0,1.0,73,81.1891
488,10000,57.103762376237626,78.0,1.0,1.0,1.0,70,81.4046
489,10000,57.67069306930693,79.0,1.0,1.0,1.0,73,81.5234
490,10000,56.013861386138615,77.0,1.0,1.0,1.0,65,81.9157
491,10000,59.15089108910891,78.0,1.0,1.0,1.0,54,82.2435
492,10000,57.72316831683168,78.0,1.0,1.0,1.0,58,82.3718
493,10000,55.96772277227723,78.0,1.0,1.0,1.0,59,82.4435
494,10000,58.08990099009901,80.0,1.0,1.0,1.0,46,82.5838
495,10000,58.444158415841585,82.0,1.0,1.0,1.0,42,82.7929
496,10000,58.74574257425743,78.0,1.0,1.0,1.0,47,82.8052
497,10000,58.20772277227723,78.0,1.0,1.0,1.0,48,82.7561
498,10000,56.99445544554455,77.0,1.0,1.0,1.0,40,83.1027
499,10000,58.65940594059406,78.0,1.0,1.0,1.0,46,83.2928
500,10000,56.68138613861386,77.0,1.0,1.0,1.0,46,83.4286
501,10000,57.02237623762376,81.0,1.0,1.0,1.0,41,83.4516
502,10000,58.565940594059406,81.0,1.0,1.0,1.0,48,83.5788
503,10000,56.546336633663365,85.0,1.0,1.0,1.0,46,83.627
504,10000,57.067326732673266,80.0,1.0,1.0,1.0,50,83.923
505,10000,57.84138613861386,82.0,1.0,1.0,1.0,57,84.3132
506,10000,58.07920792079208,77.0,1.0,1.0,1.0,72,84.448
507,10000,57.83683168316832,81.0,1.0,1.0,1.0,65,84.8289
508,10000,58.28930693069307,82.0,1.0,1.0,1.0,70,84.7728
509,10000,57.77405940594059,83.0,1.0,1.0,1.0,65,84.9148
510,10000,59.51128712871287,83.0,1.0,1.0,1.0,60,85.0639
511,10000,58.93168316831683,81.0,1.0,1.0,1.0,58,85.2413
512,10000,57.857623762376235,81.0,1.0,1.0,1.0,61,85.4261
513,10000,58.98,82.0,1.0,1.0,1.0,66,85.543
514,10000,59.312277227722774,79.0,1.0,1.0,1.0,56,85.6125
515,10000,58.09524752475247,79.0,1.0,1.0,1.0,57,85.8333
516,10000,58.23108910891089,80.0,1.0,1.0,1.0,56,85.8179
517,10000,58.8350495049505,80.0,1.0,1.0,1.0,55,86.0086
518,10000,60.31108910891089,86.0,1.0,1.0,1.0,48,86.0835
519,10000,57.027524752475244,83.0,1.0,1.0,1.0,57,86.4094
520,10000,58.69168316831683,82.0,1.0,1.0,1.0,60,86.4802
521,10000,59.521980198019804,82.0,1.0,1.0,1.0,63,86.8547
522,10000,59.754059405940595,82.0,1.0,1.0,1.0,66,87.2067
523,10000,57.56039603960396,85.0,1.0,1.0,1.0,79,87.276
524,10000,58.76138613861386,80.0,1.0,1.0,1.0,84,87.4286
525,10000,60.663960396039606,84.0,1.0,1.0,1.0,90,87.7698
526,10000,59.833267326732674,85.0,1.0,1.0,1.0,87,87.9443
527,10000,60.35940594059406,80.0,1.0,1.0,1.0,77,88.1275
528,10000,58.63247524752475,80.0,1.0,1.0,1.0,57,88.3084
529,10000,60.86792079207921,82.0,1.0,1.0,1.0,55,88.3661
530,10000,60.92019801980198,82.0,1.0,1.0,1.0,42,88.4431
531,10000,60.82138613861386,81.0,1.0,1.0,1.0,51,88.7798
532,10000,61.63069306930693,84.0,1.0,1.0,1.0,56,88.984
533,10000,61.74811881188119,83.0,1.0,1.0,1.0,56,89.0832
534,10000,59.79881188118812,82.0,1.0,1.0,1.0,49,89.2535
535,10000,61.88574257425743,85.0,1.0,1.0,1.0,45,89.4685
536,10000,61.495049504950494,81.0,1.0,1.0,1.0,49,89.5489
537,10000,62.11445544554456,86.0,1.0,1.0,1.0,47,89.8575
538,10000,59.95722772277228,89.0,1.0,1.0,1.0,57,90.0601
539,10000,63.132871287128715,88.0,1.0,1.0,1.0,53,90.2938
540,10000,61.30950495049505,80.0,1.0,1.0,1.0,51,90.6553
541,10000,62.12435643564356,83.0,1.0,1.0,1.0,46,90.8713
542,10000,61.130891089108914,84.0,1.0,1.0,1.0,42,91.2114
543,10000,62.304752475247525,85.0,1.0,1.0,1.0,44,91.4162
544,10000,61.85009900990099,85.0,1.0,1.0,1.0,40,91.6696
545,10000,59.712079207920794,85.0,1.0,1.0,1.0,42,91.5063
546,10000,61.97207920792079,86.0,1.0,1.0,1.0,41,91.6072
547,10000,61.79445544554456,82.0,1.0,1.0,1.0,51,91.6651
548,10000,62.95683168316832,84.0,1.0,1.0,1.0,58,91.8444
549,10000,61.02178217821782,85.0,1.0,1.0,1.0,49,91.9933
550,10000,61.878613861386135,83.0,1.0,1.0,1.0,48,92.1245
551,10000,61.84455445544555,85.0,1.0,1.0,1.0,47,92.2206
552,10000,62.445544554455445,85.0,1.0,1.0,1.0,45,92.5134
553,10000,62.64990099009901,90.0,1.0,1.0,1.0,43,92.7652
554,10000,62.76871287128713,87.0,1.0,1.0,1.0,41,93.1033
555,10000,62.54376237623762,89.0,1.0,1.0,1.0,44,93.2652
556,10000,62.373861386138614,82.0,1.0,1.0,1.0,39,93.2507
557,10000,63.57980198019802,86.0,1.0,1.0,1.0,38,93.2781
558,10000,61.83207920792079,79.0,1.0,1.0,1.0,55,93.5186
559,10000,61.16158415841584,80.0,1.0,1.0,1.0,54,93.5159
560,10000,61.985544554455444,83.0,1.0,1.0,1.0,45,93.7411
561,10000,63.56178217821782,90.0,1.0,1.0,1.0,38,93.8274
562,10000,63.2190099009901,89.0,1.0,1.0,1.0,43,93.857
563,10000,63.494257425742575,89.0,1.0,1.0,1.0,43,94.0936
564,10000,64.1619801980198,85.0,1.0,1.0,1.0,48,94.3663
565,10000,64.12217821782178,87.0,1.0,1.0,1.0,48,94.3926
566,10000,63.79168316831683,84.0,1.0,1.0,1.0,49,94.6887
567,10000,65.22613861386138,89.0,1.0,1.0,1.0,47,94.974
568,10000,65.5609900990099,93.0,1.0,1.0,1.0,43,95.0938
569,10000,62.74079207920792,90.0,1.0,1.0,1.0,50,95.0759
570,10000,66.12257425742574,91.0,1.0,1.0,1.0,45,95.4252
571,10000,64.93247524752475,90.0,1.0,1.0,1.0,51,95.5362
572,10000,65.38554455445545,87.0,1.0,1.0,1.0,51,95.8759
573,10000,65.0009900990099,92.0,1.0,1.0,1.0,47,96.0291
574,10000,64.48217821782178,91.0,1.0,1.0,1.0,45,96.2851
575,10000,63.835247524752475,85.0,1.0,1.0,1.0,45,96.4329
576,10000,63.11148514851485,89.0,1.0,1.0,1.0,48,96.6402
577,10000,64.51267326732673,83.0,1.0,1.0,1.0,50,96.8173
578,10000,66.20851485148515,93.0,1.0,1.0,1.0,46,97.1472
579,10000,64.99801980198019,92.0,1.0,1.0,1.0,47,97.413
580,10000,65.74673267326733,93.0,1.0,1.0,1.0,48,97.7183
581,10000,66.38673267326733,93.0,1.0,1.0,1.0,37,97.6871
582,10000,66.29940594059406,92.0,1.0,1.0,1.0,44,97.9288
583,10000,65.40633663366337,87.0,1.0,1.0,1.0,43,97.9028
584,10000,65.92693069306931,87.0,1.0,1.0,1.0,43,97.9169
585,10000,66.22910891089109,92.0,1.0,1.0,1.0,48,98.1032
586,10000,65.92732673267327,95.0,1.0,1.0,1.0,55,98.427
587,10000,65.0390099009901,88.0,1.0,1.0,1.0,56,98.684
588,10000,66.8819801980198,93.0,1.0,1.0,1.0,43,98.8652
589,10000,64.17980198019802,86.0,1.0,1.0,1.0,48,99.0886
590,10000,65.96118811881188,93.0,1.0,1.0,1.0,47,99.1922
591,10000,66.46435643564357,89.0,1.0,1.0,1.0,47,99.3281
592,10000,66.7990099009901,91.0,1.0,1.0,1.0,47,99.3754
593,10000,66.95168316831683,92.0,1.0,1.0,1.0,50,99.5487
594,10000,66.41326732673268,91.0,1.0,1.0,1.0,56,99.5547
595,10000,66.1259405940594,90.0,1.0,1.0,1.0,51,99.8664
596,10000,67.18554455445545,89.0,1.0,1.0,1.0,59,99.9
597,10000,67.29524752475247,88.0,1.0,1.0,1.0,50,100.1478
598,10000,66.04534653465346,92.0,1.0,1.0,1.0,43,100.3021
599,10000,66.29386138613862,89.0,1.0,1.0,1.0,38,100.4467
600,10000,68.18,93.0,1.0,1.0,1.0,42,100.2827
601,10000,66.10554455445545,90.0,1.0,1.0,1.0,47,100.5623
602,10000,66.63366336633663,88.0,1.0,1.0,1.0,47,100.7355
603,10000,69.22712871287129,96.0,1.0,1.0,1.0,53,100.8838
604,10000,68.30257425742575,87.0,1.0,1.0,1.0,57,101.0987
605,10000,67.8510891089109,91.0,1.0,1.0,1.0,57,101.3566
606,10000,68.34633663366337,95.0,1.0,1.0,1.0,49,101.4988
607,10000,66.37920792079208,93.0,1.0,1.0,1.0,36,101.7359
608,10000,68.0839603960396,94.0,1.0,1.0,1.0,41,101.9364
609,10000,67.89841584158415,92.0,1.0,1.0,1.0,43,102.0384
610,10000,68.46891089108911,97.0,1.0,1.0,1.0,44,102.1971
611,10000,68.00693069306931,90.0,1.0,1.0,1.0,42,102.294
612,10000,69.04356435643564,89.0,1.0,1.0,1.0,45,102.7315
613,10000,68.71663366336634,90.0,1.0,1.0,1.0,50,103.1342
614,10000,69.03584158415842,91.0,1.0,1.0,1.0,36,103.7311
615,10000,70.92316831683168,94.0,1.0,1.0,1.0,49,103.7541
616,10000,70.99861386138613,91.0,1.0,1.0,1.0,39,103.9837
617,10000,68.80514851485148,93.0,1.0,1.0,1.0,34,103.9853
618,10000,68.0029702970297,90.0,1.0,1.0,1.0,33,104.1391
619,10000,68.70871287128713,95.0,1.0,1.0,1.0,38,104.239
620,10000,69.65287128712872,91.0,1.0,1.0,1.0,41,104.0792
621,10000,70.36633663366337,90.0,1.0,1.0,1.0,38,104.109
622,10000,69.29841584158416,92.0,1.0,1.0,1.0,39,104.0771
623,10000,68.29049504950495,91.0,1.0,1.0,1.0,43,104.2679
624,10000,69.88118811881188,97.0,1.0,1.0,1.0,44,104.422
625,10000,70.65207920792079,92.0,1.0,1.0,1.0,42,104.4365
626,10000,69.77861386138613,94.0,1.0,1.0,1.0,43,104.6458
627,10000,70.7089108910891,96.0,1.0,1.0,1.0,42,104.8117
628,10000,71.4170297029703,94.0,1.0,1.0,1.0,47,105.0708
629,10000,69.50217821782178,91.0,1.0,1.0,1.0,53,105.0383
630,10000,70.67920792079208,91.0,1.0,1.0,1.0,53,105.3605
631,10000,71.13762376237624,96.0,1.0,1.0,1.0,53,105.4834
632,10000,72.67188118811882,94.0,1.0,1.0,1.0,50,105.5839
633,10000,70.57722772277228,98.0,1.0,1.0,1.0,46,105.9037
634,10000,70.22871287128713,97.0,1.0,1.0,1.0,63,106.0116
635,10000,69.53207920792079,92.0,1.0,1.0,1.0,61,106.4364
636,10000,72.17683168316832,99.0,1.0,1.0,1.0,64,106.6316
637,10000,70.72237623762376,90.0,1.0,1.0,1.0,62,106.6818
638,10000,70.5839603960396,94.0,1.0,1.0,1.0,70,106.7584
639,10000,69.68336633663367,94.0,1.0,1.0,1.0,53,107.0535
640,10000,69.28811881188119,92.0,1.0,1.0,1.0,48,107.1203
641,10000,70.86752475247525,96.0,1.0,1.0,1.0,55,107.354
642,10000,71.42356435643565,97.0,1.0,1.0,1.0,53,107.58
643,10000,68.59465346534654,96.0,1.0,1.0,1.0,52,107.8672
644,10000,72.12178217821783,92.0,1.0,1.0,1.0,46,108.1185
645,10000,71.22059405940594,95.0,1.0,1.0,1.0,46,108.337
646,10000,71.04079207920792,99.0,1.0,1.0,1.0,54,108.4895
647,10000,72.1370297029703,91.0,1.0,1.0,1.0,52,108.5097
648,10000,71.05643564356436,98.0,1.0,1.0,1.0,49,108.7239
649,10000,72.04455445544555,95.0,1.0,1.0,1.0,52,108.6822
650,10000,70.28316831683168,98.0,1.0,1.0,1.0,61,108.7896
651,10000,72.73227722772278,93.0,1.0,1.0,1.0,49,108.8698
652,10000,71.9350495049505,92.0,1.0,1.0,1.0,41,109.306
653,10000,73.81663366336633,100.0,1.0,1.0,1.0,44,109.306
654,10000,73.22415841584159,101.0,1.0,1.0,1.0,46,109.3
655,10000,72.40178217821783,97.0,1.0,1.0,1.0,52,109.3405
656,10000,71.91683168316831,94.0,1.0,1.0,1.0,46,109.6048
657,10000,71.34435643564356,96.0,1.0,1.0,1.0,42,109.892
658,10000,72.1819801980198,96.0,1.0,1.0,1.0,36,109.9072
659,10000,73.01584158415841,96.0,1.0,1.0,1.0,38,110.1566
660,10000,72.37742574257426,97.0,1.0,1.0,1.0,37,110.2826
661,10000,71.97683168316831,99.0,1.0,1.0,1.0,40,110.4336
662,10000,72.56990099009901,100.0,1.0,1.0,1.0,41,110.3678
663,10000,72.74415841584158,96.0,1.0,1.0,1.0,37,110.6413
664,10000,73.42990099009901,95.0,1.0,1.0,1.0,36,111.0688
665,10000,73.11663366336634,103.0,1.0,1.0,1.0,37,111.2986
666,10000,71.52930693069307,95.0,1.0,1.0,1.0,37,111.5532
667,10000,74.27128712871287,97.0,1.0,1.0,1.0,44,111.5902
668,10000,75.15465346534654,103.0,1.0,1.0,1.0,47,111.8425
669,10000,74.23742574257426,101.0,1.0,1.0,1.0,55,112.0936
670,10000,71.9239603960396,93.0,1.0,1.0,1.0,49,112.171
671,10000,73.8249504950495,96.0,1.0,1.0,1.0,56,112.4036
672,10000,73.90455445544555,97.0,1.0,1.0,1.0,61,112.6761
673,10000,74.00059405940594,102.0,1.0,1.0,1.0,53,113.0505
674,10000,73.35405940594059,98.0,1.0,1.0,1.0,46,113.1503
675,10000,73.94851485148514,100.0,1.0,1.0,1.0,50,113.5107
676,10000,74.62792079207921,103.0,1.0,1.0,1.0,49,113.7438
677,10000,73.85306930693069,101.0,1.0,1.0,1.0,59,114.0346
678,10000,74.40930693069306,96.0,1.0,1.0,1.0,47,114.0571
679,10000,75.66950495049505,98.0,1.0,1.0,1.0,49,114.1609
680,10000,74.50613861386138,100.0,1.0,1.0,1.0,54,114.3937
681,10000,74.71960396039604,98.0,1.0,1.0,1.0,51,114.4962
682,10000,76.41504950495049,101.0,1.0,1.0,1.0,46,114.5756
683,10000,75.96,98.0,1.0,1.0,1.0,40,114.9069
684,10000,74.30237623762376,107.0,1.0,1.0,1.0,42,115.082
685,10000,74.90178217821783,101.0,1.0,1.0,1.0,46,115.241
686,10000,76.32574257425743,106.0,1.0,1.0,1.0,40,115.3841
687,10000,76.21148514851485,102.0,1.0,1.0,1.0,41,115.6135
688,10000,74.39762376237624,99.0,1.0,1.0,1.0,46,115.7583
689,10000,75.30217821782178,104.0,1.0,1.0,1.0,49,115.9164
690,10000,76.39643564356436,101.0,1.0,1.0,1.0,51,116.0248
691,10000,73.71465346534653,97.0,1.0,1.0,1.0,51,116.2286
692,10000,73.4590099009901,93.0,1.0,1.0,1.0,50,116.2198
693,10000,74.78376237623762,99.0,1.0,1.0,1.0,42,116.715
694,10000,76.45445544554455,102.0,1.0,1.0,1.0,50,116.8214
695,10000,76.02910891089108,101.0,1.0,1.0,1.0,47,116.9198
696,10000,76.52039603960397,101.0,1.0,1.0,1.0,44,117.2499
697,10000,77.72435643564357,104.0,1.0,1.0,1.0,42,117.3933
698,10000,75.14752475247525,94.0,1.0,1.0,1.0,42,117.595
699,10000,76.13940594059406,104.0,1.0,1.0,1.0,43,117.6836
700,10000,74.49683168316832,103.0,1.0,1.0,1.0,46,117.7824
701,10000,75.01980198019803,101.0,1.0,1.0,1.0,45,117.8791
702,10000,77.53584158415842,100.0,1.0,1.0,1.0,46,118.0632
703,10000,77.55821782178218,104.0,1.0,1.0,1.0,40,117.9523
704,10000,75.60732673267327,97.0,1.0,1.0,1.0,42,118.0701
705,10000,75.38079207920792,97.0,1.0,1.0,1.0,46,118.165
706,10000,76.70990099009902,100.0,1.0,1.0,1.0,50,118.2797
707,10000,75.22772277227723,97.0,1.0,1.0,1.0,45,118.1597
708,10000,76.93485148514851,101.0,1.0,1.0,1.0,44,118.3083
709,10000,76.57940594059406,100.0,1.0,1.0,1.0,48,118.4353
710,10000,76.38237623762376,107.0,1.0,1.0,1.0,47,118.494
711,10000,75.5770297029703,102.0,1.0,1.0,1.0,45,118.5314
712,10000,77.65683168316832,101.0,1.0,1.0,1.0,39,118.7364
713,10000,76.29683168316832,104.0,1.0,1.0,1.0,48,119.0014
714,10000,75.70415841584159,103.0,1.0,1.0,1.0,55,119.5861
715,10000,75.88158415841585,106.0,1.0,1.0,1.0,58,119.5946
716,10000,76.44831683168317,98.0,1.0,1.0,1.0,66,119.7891
717,10000,78.51227722772278,106.0,1.0,1.0,1.0,68,119.7986
718,10000,77.03861386138614,105.0,1.0,1.0,1.0,72,119.7887
719,10000,76.50990099009901,109.0,1.0,1.0,1.0,69,120.1432
720,10000,75.08415841584159,99.0,1.0,1.0,1.0,56,120.197
721,10000,78.67782178217821,102.0,1.0,1.0,1.0,55,120.4426
722,10000,78.89069306930693,111.0,1.0,1.0,1.0,55,120.6659
723,10000,77.16336633663366,102.0,1.0,1.0,1.0,57,120.7462
724,10000,76.52495049504951,102.0,1.0,1.0,1.0,50,120.6656
725,10000,76.14415841584159,103.0,1.0,1.0,1.0,49,120.9383
726,10000,78.56138613861386,100.0,1.0,1.0,1.0,56,121.2773
727,10000,78.68415841584158,105.0,1.0,1.0,1.0,53,121.6361
728,10000,78.43564356435644,101.0,1.0,1.0,1.0,54,121.9722
729,10000,79.23485148514851,106.0,1.0,1.0,1.0,41,122.3089
730,10000,77.13782178217822,101.0,1.0,1.0,1.0,41,122.2976
731,10000,77.82891089108911,102.0,1.0,1.0,1.0,38,122.5412
732,10000,79.53623762376237,108.0,1.0,1.0,1.0,46,122.6871
733,10000,77.65287128712872,103.0,1.0,1.0,1.0,45,123.066
734,10000,77.51346534653466,97.0,1.0,1.0,1.0,44,123.5246
735,10000,77.81287128712871,109.0,1.0,1.0,1.0,55,123.6355
736,10000,77.24039603960397,100.0,1.0,1.0,1.0,52,124.0129
737,10000,79.5118811881188,106.0,1.0,1.0,1.0,57,124.2923
738,10000,79.11128712871287,106.0,1.0,1.0,1.0,53,124.3315
739,10000,81.01722772277228,104.0,1.0,1.0,1.0,60,124.5015
740,10000,79.66435643564357,111.0,1.0,1.0,1.0,62,124.6687
741,10000,80.47089108910892,102.0,1.0,1.0,1.0,67,124.8459
742,10000,80.27960396039605,108.0,1.0,1.0,1.0,81,124.756
743,10000,78.95663366336633,104.0,1.0,1.0,1.0,77,125.0633
744,10000,81.57465346534653,108.0,1.0,1.0,1.0,78,125.1842
745,10000,79.58574257425742,103.0,1.0,1.0,1.0,61,125.424
746,10000,79.33900990099009,105.0,1.0,1.0,1.0,67,125.6596
747,10000,81.0140594059406,105.0,1.0,1.0,1.0,55,125.7886
748,10000,79.89188118811882,105.0,1.0,1.0,1.0,51,125.7685
749,10000,81.00217821782178,103.0,1.0,1.0,1.0,54,125.9576
750,10000,79.92574257425743,106.0,1.0,1.0,1.0,50,126.0972
751,10000,80.9380198019802,102.0,1.0,1.0,1.0,61,126.2271
752,10000,80.51366336633663,106.0,1.0,1.0,1.0,61,126.469
753,10000,82.01009900990098,103.0,1.0,1.0,1.0,54,126.5524
754,10000,81.64257425742574,106.0,1.0,1.0,1.0,50,126.5439
755,10000,81.12376237623762,105.0,1.0,1.0,1.0,45,126.609
756,10000,81.52277227722772,106.0,1.0,1.0,1.0,44,126.855
757,10000,80.85366336633663,108.0,1.0,1.0,1.0,44,127.0094
758,10000,82.92534653465347,105.0,1.0,1.0,1.0,44,127.2176
759,10000,82.68217821782179,107.0,1.0,1.0,1.0,51,127.3643
760,10000,83.66633663366336,107.0,1.0,1.0,1.0,48,127.7492
761,10000,81.06257425742574,110.0,1.0,1.0,1.0,54,127.6735
762,10000,82.54316831683168,108.0,1.0,1.0,1.0,47,127.9434
763,10000,82.28732673267326,106.0,1.0,1.0,1.0,53,128.052
764,10000,83.04871287128712,108.0,1.0,1.0,1.0,51,128.2885
765,10000,81.19722772277228,105.0,1.0,1.0,1.0,57,128.6298
766,10000,82.15980198019803,104.0,1.0,1.0,1.0,51,128.8815
767,10000,81.68356435643564,107.0,1.0,1.0,1.0,42,128.9657
768,10000,83.12356435643564,105.0,1.0,1.0,1.0,41,128.9928
769,10000,82.59445544554455,107.0,1.0,1.0,1.0,43,129.3085
770,10000,83.5829702970297,108.0,1.0,1.0,1.0,51,129.5956
771,10000,82.87544554455445,110.0,1.0,1.0,1.0,54,129.7717
772,10000,83.98930693069308,108.0,1.0,1.0,1.0,53,130.124
773,10000,82.26158415841584,107.0,1.0,1.0,1.0,54,130.1009
774,10000,83.88455445544554,106.0,1.0,1.0,1.0,65,130.2223
775,10000,81.99227722772277,104.0,1.0,1.0,1.0,55,130.1859
776,10000,82.5720792079208,105.0,1.0,1.0,1.0,64,130.2386
777,10000,82.52178217821782,103.0,1.0,1.0,1.0,62,130.4051
778,10000,82.45960396039604,107.0,1.0,1.0,1.0,68,130.3945
779,10000,84.08673267326732,108.0,1.0,1.0,1.0,51,130.458
780,10000,82.35742574257426,108.0,1.0,1.0,1.0,51,130.9019
781,10000,83.12376237623762,107.0,1.0,1.0,1.0,48,130.8993
782,10000,82.68653465346534,109.0,1.0,1.0,1.0,42,131.001
783,10000,85.28118811881188,108.0,1.0,1.0,1.0,37,131.2548
784,10000,85.28772277227723,113.0,1.0,1.0,1.0,41,131.2851
785,10000,85.26336633663367,110.0,1.0,1.0,1.0,47,131.2298
786,10000,83.6770297029703,110.0,1.0,1.0,1.0,53,131.5476
787,10000,84.04534653465346,110.0,1.0,1.0,1.0,50,131.8414
788,10000,82.8170297029703,107.0,1.0,1.0,1.0,46,131.8781
789,10000,87.15623762376238,112.0,1.0,1.0,1.0,46,131.7872
790,10000,84.29920792079209,115.0,1.0,1.0,1.0,44,132.0585
791,10000,83.79683168316832,113.0,1.0,1.0,1.0,48,132.3778
792,10000,86.03386138613861,111.0,1.0,1.0,1.0,47,132.5373
793,10000,83.9089108910891,109.0,1.0,1.0,1.0,47,132.5892
794,10000,83.09029702970297,108.0,1.0,1.0,1.0,56,133.0219
795,10000,84.81386138613861,111.0,1.0,1.0,1.0,56,133.3121
796,10000,86.03108910891089,107.0,1.0,1.0,1.0,47,133.5355
797,10000,85.35524752475247,110.0,1.0,1.0,1.0,39,133.5463
798,10000,84.7128712871287,108.0,1.0,1.0,1.0,37,133.6947
799,10000,85.7350495049505,112.0,1.0,1.0,1.0,45,133.8628
800,10000,86.03603960396039,109.0,1.0,1.0,1.0,43,133.993
801,10000,85.26950495049505,110.0,1.0,1.0,1.0,51,134.3712
802,10000,85.03148514851485,108.0,1.0,1.0,1.0,57,134.5227
803,10000,84.66891089108911,109.0,1.0,1.0,1.0,55,134.4428
804,10000,87.44514851485148,111.0,1.0,1.0,1.0,53,134.5767
805,10000,83.93742574257426,110.0,1.0,1.0,1.0,46,134.5667
806,10000,86.60019801980198,114.0,1.0,1.0,1.0,54,134.6505
807,10000,86.15821782178217,114.0,1.0,1.0,1.0,43,135.0589
808,10000,84.85069306930693,108.0,1.0,1.0,1.0,47,135.1276
809,10000,84.7580198019802,110.0,1.0,1.0,1.0,54,135.1594
810,10000,87.11386138613861,112.0,1.0,1.0,1.0,49,135.4939
811,10000,86.35227722772277,113.0,1.0,1.0,1.0,48,135.8303
812,10000,86.96633663366336,110.0,1.0,1.0,1.0,44,135.6775
813,10000,84.6619801980198,111.0,1.0,1.0,1.0,45,135.7988
814,10000,85.44950495049505,110.0,1.0,1.0,1.0,44,135.8964
815,10000,87.01584158415841,110.0,1.0,1.0,1.0,41,135.8473
816,10000,86.0449504950495,110.0,1.0,1.0,1.0,41,136.1564
817,10000,86.3269306930693,111.0,1.0,1.0,1.0,39,136.4187
818,10000,87.22653465346535,112.0,1.0,1.0,1.0,43,136.4308
819,10000,86.01366336633663,107.0,1.0,1.0,1.0,39,136.8133
820,10000,87.77089108910891,112.0,1.0,1.0,1.0,37,137.0764
821,10000,85.6930693069307,112.0,1.0,1.0,1.0,42,137.2126
822,10000,86.93722772277228,114.0,1.0,1.0,1.0,36,137.306
823,10000,86.83722772277228,110.0,1.0,1.0,1.0,41,137.3751
824,10000,87.65564356435644,113.0,1.0,1.0,1.0,45,137.4228
825,10000,87.11742574257426,112.0,1.0,1.0,1.0,50,137.4014
826,10000,85.59247524752475,111.0,1.0,1.0,1.0,49,137.6072
827,10000,86.59524752475248,114.0,1.0,1.0,1.0,53,138.0214
828,10000,86.8829702970297,112.0,1.0,1.0,1.0,50,138.0792
829,10000,87.24792079207921,114.0,1.0,1.0,1.0,42,138.333
830,10000,87.68831683168317,112.0,1.0,1.0,1.0,36,138.4421
831,10000,88.5790099009901,117.0,1.0,1.0,1.0,37,138.5796
832,10000,87.87029702970297,113.0,1.0,1.0,1.0,35,138.6104
833,10000,86.64594059405941,113.0,1.0,1.0,1.0,35,138.6588
834,10000,87.23544554455445,116.0,1.0,1.0,1.0,36,138.7668
835,10000,88.44594059405941,114.0,1.0,1.0,1.0,35,138.9127
836,10000,87.94435643564357,111.0,1.0,1.0,1.0,39,138.9938
837,10000,87.86970297029703,112.0,1.0,1.0,1.0,40,138.9696
838,10000,88.53326732673267,116.0,1.0,1.0,1.0,54,139.3073
839,10000,87.65544554455445,115.0,1.0,1.0,1.0,52,139.7707
840,10000,87.98534653465346,113.0,1.0,1.0,1.0,48,140.0748
841,10000,86.59683168316832,113.0,1.0,1.0,1.0,42,140.4385
842,10000,86.84316831683168,117.0,1.0,1.0,1.0,41,140.6108
843,10000,88.36871287128713,114.0,1.0,1.0,1.0,55,140.7502
844,10000,85.55722772277228,115.0,1.0,1.0,1.0,64,140.7601
845,10000,86.62970297029703,116.0,1.0,1.0,1.0,62,140.96
846,10000,88.3809900990099,116.0,1.0,1.0,1.0,60,140.8475
847,10000,86.33940594059406,115.0,1.0,1.0,1.0,49,141.2234
848,10000,89.6190099009901,116.0,1.0,1.0,1.0,54,141.7838
849,10000,87.41504950495049,117.0,1.0,1.0,1.0,50,141.7196
850,10000,90.96455445544555,118.0,1.0,1.0,1.0,58,142.0481
851,10000,85.97623762376237,116.0,1.0,1.0,1.0,66,142.2568
852,10000,88.34138613861386,117.0,1.0,1.0,1.0,71,142.6009
853,10000,87.7990099009901,112.0,1.0,1.0,1.0,61,142.7798
854,10000,88.46732673267327,117.0,1.0,1.0,1.0,64,142.7991
855,10000,88.85267326732674,115.0,1.0,1.0,1.0,62,142.599
856,10000,90.65762376237623,116.0,1.0,1.0,1.0,56,142.8162
857,10000,88.02455445544554,112.0,1.0,1.0,1.0,49,143.1199
858,10000,88.96237623762376,112.0,1.0,1.0,1.0,44,143.2594
859,10000,88.45465346534654,111.0,1.0,1.0,1.0,45,143.6251
860,10000,88.36732673267326,115.0,1.0,1.0,1.0,46,143.5791
861,10000,90.00534653465347,117.0,1.0,1.0,1.0,58,143.8126
862,10000,89.05960396039605,116.0,1.0,1.0,1.0,61,144.0967
863,10000,89.7350495049505,118.0,1.0,1.0,1.0,59,144.4111
864,10000,91.57306930693069,119.0,1.0,1.0,1.0,45,144.7632
865,10000,89.62772277227722,114.0,1.0,1.0,1.0,40,145.1655
866,10000,88.14554455445544,118.0,1.0,1.0,1.0,43,145.3011
867,10000,89.8108910891089,115.0,1.0,1.0,1.0,36,145.4164
868,10000,91.2750495049505,117.0,1.0,1.0,1.0,34,145.7512
869,10000,87.72554455445544,122.0,1.0,1.0,1.0,33,145.8489
870,10000,90.4609900990099,119.0,1.0,1.0,1.0,39,145.8087
871,10000,92.04851485148515,116.0,1.0,1.0,1.0,40,145.9424
872,10000,90.09128712871288,117.0,1.0,1.0,1.0,47,146.1026
873,10000,92.23881188118811,123.0,1.0,1.0,1.0,39,146.3568
874,10000,91.68831683168317,119.0,1.0,1.0,1.0,42,146.2775
875,10000,90.46237623762376,121.0,1.0,1.0,1.0,37,146.4595
876,10000,92.90158415841584,121.0,1.0,1.0,1.0,41,146.6308
877,10000,90.34871287128713,118.0,1.0,1.0,1.0,36,146.9786
878,10000,90.57940594059406,120.0,1.0,1.0,1.0,47,147.123
879,10000,91.94811881188119,116.0,1.0,1.0,1.0,40,147.2866
880,10000,91.6479207920792,121.0,1.0,1.0,1.0,48,147.4336
881,10000,91.2019801980198,116.0,1.0,1.0,1.0,54,147.8715
882,10000,90.44811881188119,115.0,1.0,1.0,1.0,42,147.6955
883,10000,90.57445544554456,119.0,1.0,1.0,1.0,47,147.8841
884,10000,92.7980198019802,119.0,1.0,1.0,1.0,52,148.1059
885,10000,91.31425742574257,119.0,1.0,1.0,1.0,57,148.0821
886,10000,91.47188118811881,116.0,1.0,1.0,1.0,51,148.1966
887,10000,91.48990099009902,119.0,1.0,1.0,1.0,47,148.8068
888,10000,91.34178217821783,120.0,1.0,1.0,1.0,49,148.68
889,10000,92.49128712871287,119.0,1.0,1.0,1.0,48,148.9057
890,10000,91.73128712871286,117.0,1.0,1.0,1.0,46,148.6162
891,10000,94.07405940594059,119.0,1.0,1.0,1.0,41,148.8714
892,10000,92.22891089108911,120.0,1.0,1.0,1.0,36,148.8616
893,10000,92.65683168316832,120.0,1.0,1.0,1.0,38,149.1204
894,10000,92.00198019801981,119.0,1.0,1.0,1.0,41,149.2617
895,10000,92.55504950495049,121.0,1.0,1.0,1.0,44,149.4205
896,10000,91.79366336633663,119.0,1.0,1.0,1.0,45,149.5086
897,10000,92.52772277227723,119.0,1.0,1.0,1.0,50,149.5333
898,10000,91.73841584158416,120.0,1.0,1.0,1.0,54,149.7077
899,10000,93.82138613861386,119.0,1.0,1.0,1.0,47,149.8326
900,10000,93.53485148514851,125.0,1.0,1.0,1.0,45,149.9716
901,10000,93.40673267326733,121.0,1.0,1.0,1.0,47,150.0511
902,10000,93.72950495049506,122.0,1.0,1.0,1.0,43,150.2149
903,10000,93.00534653465347,123.0,1.0,1.0,1.0,46,150.4031
904,10000,91.21128712871287,121.0,1.0,1.0,1.0,57,150.6094
905,10000,93.00871287128713,123.0,1.0,1.0,1.0,66,150.5708
906,10000,94.67108910891089,121.0,1.0,1.0,1.0,52,151.1128
907,10000,93.69881188118812,125.0,1.0,1.0,1.0,51,151.5983
908,10000,92.43069306930693,120.0,1.0,1.0,1.0,56,151.8067
909,10000,92.57326732673268,118.0,1.0,1.0,1.0,54,151.879
910,10000,93.58752475247525,122.0,1.0,1.0,1.0,63,152.0327
911,10000,91.69643564356436,121.0,1.0,1.0,1.0,66,152.4877
912,10000,95.64871287128713,122.0,1.0,1.0,1.0,69,152.8089
913,10000,93.00118811881188,124.0,1.0,1.0,1.0,68,153.2108
914,10000,95.55584158415842,122.0,1.0,1.0,1.0,55,153.4601
915,10000,92.80495049504951,123.0,1.0,1.0,1.0,48,153.3603
916,10000,91.46277227722773,120.0,1.0,1.0,1.0,45,153.9278
917,10000,92.11049504950495,121.0,1.0,1.0,1.0,44,153.9181
918,10000,90.67920792079208,123.0,1.0,1.0,1.0,38,154.1085
919,10000,92.88356435643564,122.0,1.0,1.0,1.0,40,153.9875
920,10000,94.28138613861387,122.0,1.0,1.0,1.0,45,154.0681
921,10000,94.69584158415842,125.0,1.0,1.0,1.0,47,154.2626
922,10000,94.95326732673267,126.0,1.0,1.0,1.0,43,154.2719
923,10000,94.39544554455446,125.0,1.0,1.0,1.0,47,154.9362
924,10000,95.14831683168318,126.0,1.0,1.0,1.0,49,155.1976
925,10000,94.5770297029703,125.0,1.0,1.0,1.0,52,154.7927
926,10000,92.31425742574257,122.0,1.0,1.0,1.0,55,155.1079
927,10000,94.82396039603961,125.0,1.0,1.0,1.0,64,155.3674
928,10000,95.47148514851486,126.0,1.0,1.0,1.0,57,155.6001
929,10000,92.52653465346535,121.0,1.0,1.0,1.0,56,155.6927
930,10000,95.04792079207921,127.0,1.0,1.0,1.0,45,155.7398
931,10000,94.40178217821783,127.0,1.0,1.0,1.0,44,156.0156
932,10000,94.8740594059406,128.0,1.0,1.0,1.0,49,156.1848
933,10000,95.95049504950495,126.0,1.0,1.0,1.0,49,156.3708
934,10000,97.54772277227723,126.0,1.0,1.0,1.0,53,156.2517
935,10000,93.17485148514851,123.0,1.0,1.0,1.0,53,156.7226
936,10000,96.79861386138614,136.0,1.0,1.0,1.0,52,156.7497
937,10000,97.50415841584159,129.0,1.0,1.0,1.0,43,157.0077
938,10000,96.40732673267327,125.0,1.0,1.0,1.0,36,157.5273
939,10000,93.8108910891089,126.0,1.0,1.0,1.0,40,157.8732
940,10000,96.48297029702971,128.0,1.0,1.0,1.0,44,157.8232
941,10000,93.86772277227723,127.0,1.0,1.0,1.0,44,157.8832
942,10000,94.78970297029703,126.0,1.0,1.0,1.0,43,158.061
943,10000,96.1029702970297,125.0,1.0,1.0,1.0,40,157.7529
944,10000,94.32851485148515,127.0,1.0,1.0,1.0,46,158.0417
945,10000,94.91009900990099,128.0,1.0,1.0,1.0,44,157.8239
946,10000,95.62336633663367,125.0,1.0,1.0,1.0,50,157.6306
947,10000,95.4619801980198,128.0,1.0,1.0,1.0,47,157.8269
948,10000,94.08435643564357,128.0,1.0,1.0,1.0,42,158.2486
949,10000,96.7649504950495,126.0,1.0,1.0,1.0,43,158.3419
950,10000,96.76653465346534,130.0,1.0,1.0,1.0,37,158.2426
951,10000,93.75485148514852,126.0,1.0,1.0,1.0,44,158.5132
952,10000,94.0990099009901,133.0,1.0,1.0,1.0,47,158.1797
953,10000,92.55465346534653,125.0,1.0,1.0,1.0,45,158.6937
954,10000,93.60871287128712,130.0,1.0,1.0,1.0,41,159.1563
955,10000,97.33485148514852,127.0,1.0,1.0,1.0,42,159.1339
956,10000,94.1708910891089,123.0,1.0,1.0,1.0,40,158.9487
957,10000,93.43584158415841,127.0,1.0,1.0,1.0,37,159.0284
958,10000,95.5760396039604,127.0,1.0,1.0,1.0,41,159.2679
959,10000,96.61188118811882,127.0,1.0,1.0,1.0,44,159.1739
960,10000,96.8489108910891,129.0,1.0,1.0,1.0,48,159.2534
961,10000,97.25485148514852,127.0,1.0,1.0,1.0,49,159.844
962,10000,95.32118811881188,133.0,1.0,1.0,1.0,65,159.863
963,10000,97.90831683168317,128.0,1.0,1.0,1.0,68,160.0639
964,10000,98.93960396039604,130.0,1.0,1.0,1.0,64,160.1981
965,10000,95.99267326732674,129.0,1.0,1.0,1.0,60,160.1728
966,10000,97.62831683168316,125.0,1.0,1.0,1.0,74,160.1502
967,10000,96.37386138613861,132.0,1.0,1.0,1.0,75,160.6886
968,10000,96.35821782178218,128.0,1.0,1.0,1.0,80,160.6558
969,10000,98.00772277227723,131.0,1.0,1.0,1.0,95,160.9612
970,10000,98.6590099009901,130.0,1.0,1.0,1.0,83,160.9835
971,10000,100.41089108910892,130.0,1.0,1.0,1.0,65,161.2819
972,10000,96.3380198019802,133.0,1.0,1.0,1.0,66,160.9362
973,10000,97.14019801980199,130.0,1.0,1.0,1.0,61,160.9238
974,10000,98.50950495049504,129.0,1.0,1.0,1.0,59,161.2955
975,10000,98.3459405940594,130.0,1.0,1.0,1.0,62,161.979
976,10000,99.64475247524753,133.0,1.0,1.0,1.0,56,162.0105
977,10000,99.10752475247524,134.0,1.0,1.0,1.0,61,162.056
978,10000,96.13029702970297,130.0,1.0,1.0,1.0,50,162.6859
979,10000,97.59148514851485,129.0,1.0,1.0,1.0,58,162.4317
980,10000,96.45306930693069,130.0,1.0,1.0,1.0,62,162.6457
981,10000,95.58732673267326,132.0,1.0,1.0,1.0,61,163.4356
982,10000,98.91168316831683,133.0,1.0,1.0,1.0,50,163.6394
983,10000,98.99287128712871,131.0,1.0,1.0,1.0,50,163.4358
984,10000,96.47564356435643,132.0,1.0,1.0,1.0,48,163.6304
985,10000,97.22534653465347,131.0,1.0,1.0,1.0,40,163.6851
986,10000,100.62792079207921,132.0,1.0,1.0,1.0,44,164.2354
987,10000,97.31346534653466,132.0,1.0,1.0,1.0,38,164.2968
988,10000,100.47821782178218,132.0,1.0,1.0,1.0,48,164.9431
989,10000,97.62435643564356,130.0,1.0,1.0,1.0,38,164.997
990,10000,102.00613861386138,131.0,1.0,1.0,1.0,43,165.0748
991,10000,98.32178217821782,130.0,1.0,1.0,1.0,42,165.3136
992,10000,98.01940594059405,135.0,1.0,1.0,1.0,51,165.4107
993,10000,98.56831683168316,131.0,1.0,1.0,1.0,55,165.7168
994,10000,100.37841584158416,134.0,1.0,1.0,1.0,54,165.546
995,10000,98.69128712871287,133.0,1.0,1.0,1.0,54,165.8699
996,10000,100.72059405940594,135.0,1.0,1.0,1.0,53,166.0184
997,10000,99.2160396039604,134.0,1.0,1.0,1.0,40,166.2576
998,10000,97.06594059405941,132.0,1.0,1.0,1.0,48,166.6171
999,10000,100.10277227722773,135.0,1.0,1.0,1.0,43,166.5569
1000,10000,96.90316831683168,133.0,1.0,1.0,1.0,39,166.8035
1001,10000,97.8340594059406,134.0,1.0,1.0,1.0,41,166.6756
